Gene	SNP	CHR	BP	BP_hg19	REF	ALT	ALT_AlleleFreq	BETA	SE	OR	OR_025	OR_975	P	trait	pval_lox_zscore	eff_lox_ivw	se_lox_ivw	pval_lox_ivw	eff_loy_bolt	se_loy_bolt	pval_loy_bolt
PHC2	1:33451015:A:C	1	33451015	33916616	A	C	0.6485	0.0295588022415444	0.0056	1.03	1.01	1.04	2.82e-08	mLOX	2.816e-08	0.0253	0.00556	5.59e-06	-0.0192789303522002	0.00765944444195567	0.012
S1PR1	1:101268305:G:A	1	101268305	101733861	G	A	0.3821	-0.0408219945202552	0.0053	0.96	0.95	0.97	3.19e-16	mLOX	3.186e-16	-0.0394	0.00526	6.48e-14	0.0128812719842089	0.00743639211322479	0.083
LOC100506274	2:7435772:G:A	2	7435772	7575903	G	A	0.0958	-0.083381608939051	0.0092	0.92	0.9	0.94	7.17e-16	mLOX	7.173e-16	-0.0845	0.00917	3.28e-20	-0.0130016093317259	0.0153925207990587	0.4
CPS1	2:210733337:G:A	2	210733337	211598061	G	A	0.2117	0.0392207131532813	0.0061	1.04	1.02	1.05	7.17e-09	mLOX	7.168e-09	0.0351	0.00611	9.42e-09	0.0131107940628063	0.00918100637722656	0.15
SP140L	2:230165028:C:G	2	230165028	231029744	C	G	0.1185	0.0953101798043249	0.0084	1.1	1.09	1.12	5.7e-31	mLOX	5.698e-31	0.0995	0.00838	1.6e-32	0.00590820022475737	0.0113361108660917	0.6
SP140L	2:230165838:T:C	2	230165838	231030554	T	C	0.5737	0.0676586484738149	0.0051	1.07	1.06	1.08	1.67e-43	mLOX	1.669e-43	0.0647	0.00512	1.38e-36	-0.000275535555814623	0.00743004559668907	0.97
SP140L	2:230307994:C:T	2	230307994	231172709	C	T	0.1239	-0.083381608939051	0.0121	0.92	0.89	0.94	6.37e-10	mLOX	6.366e-10	-0.0876	0.0121	4.36e-13	-0.0196163432119047	0.051925904345232	0.71
SP140L	2:230317750:C:T	2	230317750	231182465	C	T	0.1529	-0.162518929497775	0.007	0.85	0.84	0.86	1.98e-142	mLOX	1.98e-142	-0.166	0.00697	7.21e-126	-0.000674757941077102	0.0105922128647745	0.95
SP140L	2:230365504:A:G	2	230365504	231230219	A	G	0.0042	-0.446287102628419	0.0414	0.64	0.59	0.69	1.33e-31	mLOX	1.329e-31	-0.451	0.0414	1.12e-27	-0.0217815528338946	0.0689170079113057	0.75
SP140L	2:230394737:C:T	2	230394737	231259452	C	T	0.4107	-0.127833371509885	0.0052	0.88	0.87	0.89	2.35e-159	mLOX	2.35e-159	-0.128	0.00521	8e-134	-0.00646457406661053	0.00730551831592522	0.38
SP140L	2:230545139:C:T	2	230545139	231409854	C	T	0.6707	0.0295588022415444	0.0059	1.03	1.02	1.04	1.83e-11	mLOX	1.833e-11	0.0287	0.00585	8.84e-07	-0.00139727495950208	0.00770676604097925	0.86
EOMES	3:27716784:G:T	3	27716784	27758275	G	T	0.4442	0.0295588022415444	0.0056	1.03	1.02	1.04	5.4e-10	mLOX	5.396e-10	0.0263	0.00559	2.59e-06	0.0113764081652602	0.00734039334853895	0.12
CX3CR1	3:39265671:G:A	3	39265671	39307162	G	A	0.1612	0.0392207131532813	0.0072	1.04	1.03	1.06	4.61e-09	mLOX	4.606e-09	0.04	0.00717	2.29e-08	-0.00948385228764433	0.00956481658597372	0.32
LPP-AS1	3:188384783:C:T	3	188384783	188102571	C	T	0.47	-0.0304592074847086	0.0059	0.97	0.96	0.98	4.04e-09	mLOX	4.045e-09	-0.0302	0.00587	2.78e-07	0.000817757898126453	0.00732560534884408	0.91
TADA2B	4:7043343:T:TGCGGCG	4	7043343	7045070	T	TGCGGCG	0.5914	0.0295588022415444	0.0052	1.03	1.02	1.04	1.47e-09	mLOX and mLOY (same variant)	1.465e-09	0.0297	0.00521	1.2e-08	0.0693834460683479	0.00749116932876118	2e-20
CENPU	4:184696883:C:CT	4	184696883	185618037	C	CT	0.6072	-0.0408219945202552	0.0062	0.96	0.94	0.97	5.94e-11	mLOX	5.944e-11	-0.0455	0.0062	2.31e-13	-0.0313962789188385	0.00770183670774762	4.6e-05
ERAP2	5:96895154:T:TA	5	96895154	96230858	T	TA	0.4361	0.0392207131532813	0.0051	1.04	1.03	1.05	5.47e-11	mLOX	5.47e-11	0.0409	0.00514	1.73e-15	0.00636038028542712	0.00744606592969184	0.39
JARID2	6:15313558:C:A	6	15313558	15313789	C	A	0.4082	0.0392207131532813	0.0056	1.04	1.02	1.05	2.67e-09	mLOX	2.665e-09	0.0348	0.00562	5.79e-10	0.0413458299635403	0.00757404374371783	4.8e-08
BTN3A2	6:25892374:T:A	6	25892374	25892602	T	A	0.052	0.0769610411361284	0.0125	1.08	1.05	1.11	1.12e-08	mLOX	1.115e-08	0.0768	0.0125	8.53e-10	0.0376534512897286	0.0503284306781941	0.45
BTN3A2	6:26511914:G:T	6	26511914	26512142	G	T	0.0417	0.122217632724249	0.0159	1.13	1.09	1.16	1.77e-10	mLOX	1.766e-10	0.119	0.0159	8.87e-14	-0.0675657544391873	0.0793135878634502	0.39
HLA-A	6:29866672:A:G	6	29866672	29834449	A	G	0.4963	-0.0725706928348354	0.0051	0.93	0.93	0.94	2.61e-49	mLOX	2.614e-49	-0.0674	0.00512	1.6e-39	-0.0240480602537944	0.00727298471659652	0.00094
HSPA1A	6:31357717:T:C	6	31357717	31325494	T	C	0.6838	0.0953101798043249	0.0057	1.1	1.09	1.11	9.63e-63	mLOX	9.628e-63	0.0942	0.00572	7.37e-61	-0.0103196207370658	0.00759505502661761	0.17
HSPA1A	6:31490002:G:A	6	31490002	31457779	G	A	0.0804	0.113328685307003	0.0091	1.12	1.1	1.14	4.2e-25	mLOX	4.199e-25	0.109	0.00913	4.26e-33	0.036951575854211	0.014676596763831	0.012
HSPA1A	6:31901896:C:T	6	31901896	31869673	C	T	0.1906	0.0582689081239758	0.0071	1.06	1.05	1.07	7.15e-24	mLOX	7.146e-24	0.0583	0.00714	3.44e-16	-0.00627744425380508	0.0094164436557019	0.5
C2	6:32333650:C:T	6	32333650	32301427	C	T	0.0098	-0.162518929497775	0.0328	0.85	0.8	0.91	1.94e-09	mLOX	1.939e-09	-0.164	0.0328	6.24e-07	-0.0324695796133588	0.0352531740892557	0.36
HLA-DQA1	6:32536028:C:G	6	32536028	32503805	C	G	0.0954	-0.105360515657826	0.0121	0.9	0.88	0.92	2.9e-11	mLOX	2.902e-11	-0.102	0.0121	2.84e-17	-0.0153635609663229	0.0259652627975683	0.55
HLA-DQA1	6:32631093:C:T	6	32631093	32598870	C	T	0.0399	-0.0943106794712413	0.0114	0.91	0.89	0.94	3.42e-12	mLOX	3.417e-12	-0.0894	0.0114	4.13e-15	0.0182532593400305	0.0340201629980309	0.59
ITPR3	6:33750475:C:G	6	33750475	33718252	C	G	0.8284	0.0392207131532813	0.0067	1.04	1.02	1.05	2.01e-10	mLOX	2.005e-10	0.0356	0.00667	9.22e-08	0.0219108245978939	0.00889522828312328	0.014
CENPQ	6:49459696:T:C	6	49459696	49427409	T	C	0.6093	0.0392207131532813	0.0052	1.04	1.03	1.05	1.43e-14	mLOX	1.43e-14	0.0366	0.00516	1.27e-12	-0.00630400103659045	0.00751396749495744	0.4
SCML4	6:107708681:C:T	6	107708681	108029885	C	T	0.6901	0.048790164169432	0.0054	1.05	1.04	1.06	2.09e-25	mLOX	2.087e-25	0.0493	0.00543	1.09e-19	0.00891131023279145	0.00810252988281309	0.27
CENPW	6:126501489:A:C	6	126501489	126822635	A	C	0.4508	0.0392207131532813	0.006	1.04	1.03	1.06	1.55e-14	mLOX	1.551e-14	0.0436	0.00602	4.26e-13	0.0219047245480198	0.00727723626650879	0.0026
MYB	6:135105435:A:G	6	135105435	135426573	A	G	0.2974	0.0198026272961797	0.0055	1.02	1.01	1.03	1.25e-09	mLOX	1.255e-09	0.0221	0.00548	5.55e-05	0.0620861843855856	0.00814301203197778	2.5e-14
SHPRH	6:145922832:G:A	6	145922832	146243968	G	A	0.0059	0.27763173659828	0.0375	1.32	1.23	1.42	3.33e-16	mLOX	3.335e-16	0.278	0.0375	1.18e-13	0.0983069249715433	0.0456404499249255	0.031
LOC102724152	6:164057356:C:A	6	164057356	164478388	C	A	0.4681	-0.0304592074847086	0.0051	0.97	0.96	0.98	2.44e-09	mLOX and mLOY (same variant)	2.442e-09	-0.0302	0.00507	2.55e-09	-0.147565135788487	0.00729042223290338	4.3e-91
MAD1L1	7:1937031:G:T	7	1937031	1976667	G	T	0.3687	0.0392207131532813	0.0053	1.04	1.03	1.05	4.29e-14	mLOX and mLOY (same variant)	4.287e-14	0.0399	0.00526	3.31e-14	0.117864054568003	0.00744637401301882	2e-56
CSMD1	8:4320664:G:A	8	4320664	4178186	G	A	0.8238	-0.0304592074847086	0.0069	0.97	0.96	0.98	2.44e-09	mLOX	2.441e-09	-0.0299	0.00694	1.67e-05	0.000306059219518133	0.00952168492019703	0.97
MSC	8:71997445:T:G	8	71997445	72909680	T	G	0.2625	-0.0512932943875506	0.0058	0.95	0.94	0.96	2.17e-23	mLOX	2.166e-23	-0.054	0.0058	1.26e-20	0.0131812219113531	0.00856373062329671	0.12
TNFSF8	9:114854087:C:T	9	114854087	117616367	C	T	0.2356	0.0392207131532813	0.0064	1.04	1.03	1.06	4.03e-12	mLOX	4.035e-12	0.0411	0.00639	1.35e-10	0.00337892237361294	0.00855251639019477	0.69
ATM	11:108495722:A:C	11	108495722	108366449	A	C	0.418	0.0295588022415444	0.0052	1.03	1.02	1.04	3.65e-11	mLOX and mLOY (r2>0.6)	3.645e-11	0.0328	0.00516	2.01e-10	0.0909400364568844	0.00744631239635342	2.7e-34
KLRB1	12:9466605:T:TC	12	9466605	9619201	T	TC	0.5734	-0.0202027073175195	0.0052	0.98	0.97	0.99	5.15e-09	mLOX	5.147e-09	-0.0251	0.0052	1.46e-06	-0.00960991998504306	0.0073931988307827	0.19
CSNK1A1L	13:37199415:G:A	13	37199415	37773552	G	A	0.9831	-0.0618754037180875	0.0215	0.94	0.91	0.98	5.34e-09	mLOX	5.339e-09	-0.0573	0.0215	0.00771	-0.0165591707416528	0.0276767272955874	0.55
IL27	16:28502082:A:G	16	28502082	28513403	A	G	0.33	0.0295588022415444	0.0055	1.03	1.02	1.04	1.52e-08	mLOX	1.522e-08	0.0267	0.00552	1.31e-06	-0.00699262888904802	0.00772802379054061	0.37
HEATR3	16:50067615:TAACTC:T	16	50067615	50101526	TAACTC	T	0.7215	0.0392207131532813	0.0057	1.04	1.03	1.05	1.96e-14	mLOX and mLOY (r2>0.6)	1.959e-14	0.0375	0.00566	3.61e-11	0.046384409542908	0.00804017381743307	8e-09
TP53	17:7668434:T:G	17	7668434	7571752	T	G	0.0146	0.157003748809665	0.0237	1.17	1.11	1.22	7.22e-12	mLOX and mLOY (same variant)	7.221e-12	0.155	0.0237	6.82e-11	0.568366909605699	0.0330023173023663	1.8e-66
PRKAR1A	17:68501101:CCTT:C	17	68501101	66497242	CCTT	C	0.1267	-0.0512932943875506	0.008	0.95	0.94	0.97	3.88e-12	mLOX	3.879e-12	-0.0478	0.00803	2.75e-09	0.0164381556108165	0.010489251416899	0.12
PRKAR1A	17:68538004:A:G	17	68538004	66534145	A	G	0.1326	-0.0408219945202552	0.0076	0.96	0.94	0.97	9.18e-11	mLOX	9.184e-11	-0.0457	0.00764	2.28e-09	0.018517718067907	0.0105312123660332	0.079
TOMM40	19:44791996:CT:C	19	44791996	45295253	CT	C	0.0974	0.0769610411361284	0.0155	1.08	1.05	1.11	2.89e-08	mLOX	2.885e-08	0.0772	0.0155	6.18e-07	0.0052470102734003	0.0135592401535531	0.7
LILRA1	19:54609641:C:T	19	54609641	55121108	C	T	0.5331	-0.0304592074847086	0.0051	0.97	0.96	0.98	2.84e-09	mLOX	2.843e-09	-0.0261	0.0051	2.97e-07	-0.0224750484029184	0.00731352848242661	0.0021
NCOA6	20:34849818:G:A	20	34849818	33437621	G	A	0.3735	-0.0304592074847086	0.0053	0.97	0.96	0.98	2.7e-08	mLOX	2.697e-08	-0.0278	0.00528	1.48e-07	-0.0271050478740501	0.00747940054567069	0.00029
GSPT2	23:51749114:C:CGT	23	51749114	51492210	C	CGT	0.2673	0.0582689081239758	0.009	1.06	1.05	1.08	6.41e-10	mLOX	6.414e-10	0.0627	0.00904	4.09e-12	NA	NA	NA
KLF8	23:56343204:G:A	23	56343204	56369637	G	A	0.5256	0.0769610411361284	0.0053	1.08	1.07	1.09	2.71e-61	mLOX	2.71e-61	0.0734	0.0053	1.41e-43	0.0161385137669993	0.00519685430776855	0.0019
KLF8	23:56708292:T:TC	23	56708292	56734725	T	TC	0.8055	0.0769610411361284	0.0078	1.08	1.06	1.1	1.53e-13	mLOX	1.531e-13	0.0773	0.00778	2.88e-23	NA	NA	NA
AMER1	23:63999737:C:A	23	63999737	63219617	C	A	0.019	0.0953101798043249	0.0198	1.1	1.06	1.14	1.12e-08	mLOX	1.124e-08	0.0933	0.0198	2.38e-06	0.0808878936642994	0.0239157692731907	0.00072
AR	23:67389908:C:A	23	67389908	66609750	C	A	0.1851	0.0392207131532813	0.0085	1.04	1.02	1.06	1.18e-08	mLOX	1.182e-08	0.0382	0.00846	6.52e-06	NA	NA	NA
PLS3	23:115690491:A:G	23	115690491	114924811	A	G	0.1858	-0.083381608939051	0.0066	0.92	0.91	0.94	1.44e-41	mLOX	1.436e-41	-0.0791	0.00655	1.33e-33	NA	NA	NA
PLS3	23:115892574:A:G	23	115892574	115008907	A	G	0.0601	0.0582689081239758	0.0109	1.06	1.04	1.09	1.55e-13	mLOX	1.554e-13	0.0619	0.0109	1.5e-08	NA	NA	NA
PRDM16	1:3080038:T:C	1	3080038	2996602	T	C	0.766	0.058268908	0.009536803	1.06	1.05	1.08	1.1e-12	mLOY	0.7513	0.00174	0.00634	0.783	-0.0621447202177111	0.00865190407147735	6.8e-13
PRDM16	1:3182097:A:G	1	3182097	3098661	A	G	0.911	0.076961041	0.013979068	1.08	1.05	1.11	1.9e-08	mLOY	0.7661	0.00202	0.00758	0.79	0.0749264812873067	0.0128495394015304	5.5e-09
TAL1	1:47224170:C:G	1	47224170	47689842	C	G	0.417	0.048790164	0.004836094	1.05	1.03	1.06	1.4e-10	mLOY	0.8343	-0.00386	0.00556	0.488	0.047167249276755	0.00736257534808125	1.5e-10
KCNA3/RP11-284N8.3	1:110666096:A:T	1	110666096	111208718	A	T	0.175	0.058268908	0.009536803	1.06	1.04	1.08	8.8e-11	mLOY	0.7972	-0.0042	0.00719	0.56	-0.0618803847231654	0.00959907545193349	1.1e-10
PHGDH/NOTCH2	1:119712503:A:G	1	119712503	120255126	A	G	0.317	0.048790164	0.004836094	1.05	1.03	1.06	1.2e-08	mLOY	0.729	-0.00711	0.00571	0.212	0.0449553342223955	0.00780442845563075	8.4e-09
CTSK	1:150859632:C:T	1	150859632	150832108	C	T	0.238	0.048790164	0.009626778	1.05	1.04	1.07	1.7e-10	mLOY	0.8755	0.0025	0.00575	0.664	-0.0526911833294413	0.00850932310775268	5.9e-10
PMF1	1:156232382:A:G	1	156232382	156202173	A	G	0.621	0.148420005	0.00872165	1.16	1.14	1.18	3.6e-91	mLOY	0.04112	0.0142	0.00534	0.00799	0.149523929581403	0.00747453282910446	5e-89
PARP1	1:226350353:C:A	1	226350353	226538054	C	A	0.148	0.058268908	0.009536803	1.06	1.04	1.08	9.6e-09	mLOY	0.2328	-0.0106	0.00637	0.0948	-0.0583482709960467	0.0102785840379126	1.4e-08
TRIM58	1:247876149:C:T	1	247876149	248039451	C	T	0.334	0.058268908	0.009536803	1.06	1.04	1.08	2.9e-16	mLOY	0.1999	0.00578	0.00546	0.29	-0.058824382969556	0.0076617858752407	1.6e-14
GACAT3	2:16088807:T:C	2	16088807	16228929	T	C	0.678	0.058268908	0.009536803	1.06	1.05	1.08	5.5e-16	mLOY	0.3726	0.0047	0.00581	0.418	-0.0604778045687728	0.00776943018968624	7e-15
FAM49A	2:16443481:A:C	2	16443481	16624749	A	C	0.734	0.104360015	0.009111029	1.11	1.1	1.13	5.9e-40	mLOY	0.05891	-0.00446	0.00614	0.468	-0.107498282948556	0.00824523407986854	7.5e-39
FANCL	2:58764733:G:T	2	58764733	58991868	G	T	0.614	0.048790164	0.009626778	1.05	1.04	1.07	1.4e-11	mLOY	0.3783	-0.00315	0.00513	0.539	-0.0523252419536587	0.007488334962153	2.8e-12
SPRED2	2:65335836:C:G	2	65335836	65562970	C	G	0.337	0.048790164	0.004836094	1.05	1.03	1.06	1.7e-09	mLOY	0.001551	-0.0268	0.00574	3.19e-06	-0.0459614111349695	0.00769998820778577	2.4e-09
ARHGAP25	2:68735005:G:A	2	68735005	68962137	G	A	0.743	0.09531018	0.009193115	1.1	1.08	1.12	4.4e-31	mLOY	0.0002508	0.0185	0.00611	0.00249	0.0930485587467106	0.008406176809881	1.8e-28
BCL2L11	2:111146121:A:G	2	111146121	111903698	A	G	0.865	0.067658648	0.009448494	1.07	1.05	1.09	1.9e-11	mLOY	0.7028	0.0085	0.00841	0.312	0.0674887336074432	0.0106203100641948	2.1e-10
CXCR4	2:136126891:C:T	2	136126891	136884461	C	T	0.936	0.139761942	0.013139029	1.15	1.11	1.18	4.8e-20	mLOY	0.07259	0.0157	0.0093	0.0913	0.135625058368191	0.0149215846254426	1e-19
MBD5	2:148545695:A:T	2	148545695	149303264	A	T	0.331	0.048790164	0.004836094	1.05	1.03	1.06	1.1e-09	mLOY	0.6205	0.000492	0.00575	0.932	0.0454114823963167	0.00773282989044145	4.3e-09
LY75	2:159861821:C:G	2	159861821	160718332	C	G	0.541	0.058268908	0.004790684	1.06	1.04	1.07	6.7e-15	mLOY	0.162	0.0119	0.00544	0.0286	0.0552716276595299	0.00727625039986247	3.1e-14
GIGYF2	2:232823365:TTC:T	2	232823365	233688075	TTC	T	0.421	0.048790164	0.004836094	1.05	1.03	1.06	8.5e-10	mLOY	0.5406	-0.0058	0.00604	0.337	0.0463917419260901	0.00749184711208053	5.9e-10
SETD2/NBEAL2	3:47046347:T:A	3	47046347	47087837	T	A	0.599	0.058268908	0.009536803	1.06	1.05	1.08	2.1e-17	mLOY	0.1453	-0.00599	0.006	0.318	0.0619358397220212	0.00738870081420884	5.2e-17
UQCRC1	3:48601368:C:T	3	48601368	48638801	C	T	0.031	0.246860078	0.019550441	1.28	1.22	1.33	7e-30	mLOY	0.3403	0.025	0.0242	0.302	-0.243929287300117	0.021359478675937	3.3e-30
MON1A	3:49942496:CA:C	3	49942496	49979929	CA	C	0.861	0.076961041	0.013979068	1.08	1.05	1.11	2.4e-10	mLOY	0.4261	0.0105	0.011	0.339	0.0770048114110893	0.0124224126770103	5.7e-10
EIF4E3	3:71722064:T:TG	3	71722064	71771215	T	TG	0.38	0.076961041	0.009361805	1.08	1.07	1.1	1.2e-24	mLOY	0.1089	-0.00302	0.00713	0.672	0.0799568658501768	0.00802557066773439	2.2e-23
SENP7/PCNP	3:101548541:T:C	3	101548541	101267385	T	C	0.663	0.113328685	0.004535177	1.12	1.1	1.13	1.3e-47	mLOY	0.1088	0.00731	0.00542	0.177	0.109848958733386	0.00770830645761413	4.4e-46
ZBTB20	3:114855180:G:T	3	114855180	114574027	G	T	0.53	0.067658648	0.009448494	1.07	1.06	1.09	3.4e-24	mLOY	0.8321	-0.00216	0.00626	0.73	-0.0720569931798488	0.00729288689951919	5.1e-23
RPN1/GATA2	3:128610380:T:C	3	128610380	128329223	T	C	0.272	0.058268908	0.004790684	1.06	1.04	1.07	3.3e-12	mLOY	0.3783	-0.00251	0.00558	0.653	-0.0540183446853901	0.00815354848176037	3.5e-11
RPN1/GATA2	3:128637371:C:T	3	128637371	128356214	C	T	0.106	0.113328685	0.013486356	1.12	1.09	1.15	2.2e-21	mLOY	0.001553	-0.018	0.00973	0.0643	-0.113031459501052	0.0118409978223405	1.4e-21
RPN1/GATA2	3:128661938:G:A	3	128661938	128380781	G	A	0.887	0.104360015	0.013606249	1.11	1.09	1.14	1.6e-19	mLOY	8.898e-05	-0.0193	0.00775	0.0125	-0.105394689991962	0.0114843605630327	4.4e-20
PIK3CB	3:138710023:CA:C	3	138710023	138428865	CA	C	0.462	0.058268908	0.004790684	1.06	1.04	1.07	6e-15	mLOY	0.07573	-0.00917	0.00653	0.16	0.0566783977471694	0.00734766411505559	1.2e-14
TSC22D2	3:150301093:A:AT	3	150301093	150018880	A	AT	0.837	0.21511138	0.012196694	1.24	1.22	1.27	6.6e-112	mLOY	0.02372	-0.0203	0.0074	0.00604	-0.217785336172903	0.00983734709701702	1.3e-108
MECOM	3:169120620:G:A	3	169120620	168838408	G	A	0.549	0.067658648	0.009448494	1.07	1.06	1.09	2.3e-21	mLOY	0.3378	0.000942	0.00515	0.855	-0.0688165727467114	0.00729917179938951	4.2e-21
GRPEL1	4:7043343:T:TGCGGCG	4	7043343	7045070	T	TGCGGCG	0.393	0.067658648	0.009448494	1.07	1.06	1.09	1.6e-19	mLOX and mLOY (same variant)	1.465e-09	0.0297	0.00521	1.2e-08	0.0693834460683479	0.00749116932876118	2e-20
KIT	4:54542708:A:T	4	54542708	55408875	A	T	0.25	0.058268908	0.004790684	1.06	1.04	1.07	6.2e-11	mLOY	0.007306	-0.0159	0.00587	0.00677	-0.0545787482571601	0.00845362164223536	1.1e-10
NFKB1	4:102528926:A:G	4	102528926	103450083	A	G	0.349	0.048790164	0.009626778	1.05	1.04	1.07	1.9e-11	mLOY	5.011e-05	0.0184	0.0053	0.000503	0.0502017468141414	0.0076187158261294	4.4e-11
TET2	4:104943372:ACT:A	4	104943372	105864529	ACT	A	0.032	0.122217633	0.022090207	1.13	1.09	1.18	8.1e-10	mLOY	0.07228	-0.036	0.0139	0.00987	-0.124699807426955	0.0210534903155841	3.2e-09
MAD2L1	4:120063721:A:G	4	120063721	120984876	A	G	0.708	0.048790164	0.004836094	1.05	1.03	1.06	4.3e-09	mLOY	0.1212	-0.00306	0.00586	0.601	-0.0466725290702963	0.00800486746816158	5.5e-09
TRPC3	4:121948874:GT:G	4	121948874	122870029	GT	G	0.243	0.067658648	0.004746119	1.07	1.05	1.08	1.3e-13	mLOY	0.05479	0.0122	0.00717	0.0878	0.0632008298625861	0.00858461867286571	1.8e-13
DDX60L	4:168449814:A:AT	4	168449814	169370965	A	AT	0.584	0.039220713	0.009718467	1.04	1.03	1.06	2.6e-08	mLOY	0.6216	-0.00805	0.00656	0.22	-0.0425699682549482	0.00737514514782188	7.8e-09
CENPU	4:184726371:G:GA	4	184726371	185647525	G	GA	0.848	0.058268908	0.009536803	1.06	1.04	1.08	3.6e-08	mLOY	2.57e-08	0.0463	0.00758	1.01e-09	0.0561765916241903	0.010182153956569	3.4e-08
TERT	5:1276758:G:A	5	1276758	1276873	G	A	0.604	0.039220713	0.009718467	1.04	1.03	1.06	9.3e-09	mLOY	0.1848	-0.00955	0.00602	0.113	-0.0435927432838444	0.00767700519159333	1.4e-08
DAP	5:10675654:G:T	5	10675654	10675766	G	T	0.694	0.048790164	0.009626778	1.05	1.03	1.07	6e-11	mLOY	0.0142	0.0149	0.00608	0.0145	0.0493450286984855	0.00789648375373129	4.1e-10
NREP	5:111726150:T:G	5	111726150	111061847	T	G	0.925	0.165514438	0.012809143	1.18	1.15	1.21	9.3e-36	mLOY	0.02044	0.0189	0.00888	0.0334	0.166865323890248	0.0138001613152486	1.2e-33
H2AFY	5:135386511:G:A	5	135386511	134722201	G	A	0.13	0.076961041	0.013979068	1.08	1.06	1.11	3.6e-14	mLOY	0.5836	-0.00524	0.00816	0.521	-0.0799580981834847	0.0108319016931621	1.6e-13
SPDL1	5:169588475:G:A	5	169588475	169015479	G	A	0.00800000000000001	0.350656872	0.038066767	1.42	1.31	1.53	9.2e-18	mLOY	0.01127	-0.101	0.0228	1e-05	-0.348723830971129	0.040615302778614	9e-18
JARID2	6:15385050:G:T	6	15385050	15385281	G	T	0.515	0.048790164	0.004836094	1.05	1.03	1.06	2.3e-11	mLOY	0.0003208	-0.0225	0.00559	5.78e-05	-0.0480296977422926	0.00725400678365477	3.6e-11
HLA-A	6:29867741:T:A	6	29867741	29835518	T	A	0.698	0.058268908	0.009536803	1.06	1.05	1.08	7.9e-13	mLOY	8.389e-09	0.0413	0.00543	2.84e-14	0.0597281762175739	0.00791287378672644	4.4e-14
MUC22	6:31044708:C:T	6	31044708	31012485	C	T	0.975	0.165514438	0.025304562	1.18	1.13	1.24	5e-12	mLOY	0.1583	0.00336	0.0222	0.88	0.16757329937564	0.0232941803526832	6.3e-13
HMGA1	6:34251921:C:T	6	34251921	34219698	C	T	0.84	0.058268908	0.009536803	1.06	1.04	1.08	2.5e-09	mLOY	0.9393	-0.00173	0.00694	0.803	-0.0602655351564861	0.00990999314551805	1.2e-09
CCND3/GUCA1B	6:42018535:A:C	6	42018535	41986273	A	C	0.244	0.09531018	0.009193115	1.1	1.08	1.12	1.7e-28	mLOY	0.3504	-0.000852	0.00678	0.9	0.0941379413908991	0.00846908742524957	1.1e-28
CCND3/GUCA1B	6:42048508:T:C	6	42048508	42016246	T	C	0.128	0.131028262	0.013252799	1.14	1.12	1.17	6.6e-36	mLOY	0.05283	-0.0147	0.00781	0.0603	-0.134522736224269	0.0108574726093012	3e-35
MRPS18A/VEGFA/MAD2L1BP	6:43725357:G:T	6	43725357	43693094	G	T	0.583	0.048790164	0.004836094	1.05	1.03	1.06	5.3e-10	mLOY	0.6221	-0.00487	0.00563	0.386	-0.0468201626005834	0.00744089012979864	3.1e-10
CD164/CCDC162P	6:109278961:T:C	6	109278961	109600164	T	C	0.516	0.122217633	0.008951178	1.13	1.12	1.15	3.9e-67	mLOY	3.344e-06	-0.0234	0.00506	3.52e-06	-0.124202560937215	0.00726201695015616	1.4e-65
CD164/CCDC162P	6:109363395:A:AT	6	109363395	109684598	A	AT	0.388	0.086177696	0.009276693	1.09	1.08	1.11	3.3e-31	mLOY	0.1576	-0.00677	0.00607	0.264	-0.0882098020132198	0.00777004635634019	7.2e-30
MYB	6:135201210:AT:A	6	135201210	135522348	AT	A	0.402	0.058268908	0.009536803	1.06	1.05	1.08	3.9e-17	mLOY	0.0001978	-0.0132	0.00539	0.0145	-0.0617676262254921	0.00741716771362146	8.2e-17
AHI1	6:135419391:A:C	6	135419391	135740529	A	C	0.971	0.139761942	0.021714089	1.15	1.1	1.2	2.4e-10	mLOY	0.762	-0.0126	0.0202	0.534	0.135485188537743	0.02179017916705	5e-10
MIR1202	6:156178636:CATAT:C	6	156178636	156499770	CATAT	C	0.13	0.076961041	0.009361805	1.08	1.06	1.1	1.6e-12	mLOY	0.02334	-0.0052	0.0159	0.744	-0.0759055701004376	0.0107674506611587	1.8e-12
ARID1B	6:156655411:G:A	6	156655411	156976545	G	A	0.964	0.113328685	0.017903735	1.12	1.08	1.16	4.9e-09	mLOY	0.004599	0.0319	0.0117	0.00641	0.112088724520504	0.0195507830799241	9.9e-09
QKI	6:164057356:C:A	6	164057356	164478388	C	A	0.453	0.148420005	0.00872165	1.16	1.14	1.18	1e-92	mLOX and mLOY (same variant)	2.442e-09	-0.0302	0.00507	2.55e-09	-0.147565135788487	0.00729042223290338	4.3e-91
MAD1L1	7:1937031:G:T	7	1937031	1976667	G	T	0.604	0.122217633	0.004495219	1.13	1.11	1.14	1.5e-57	mLOX and mLOY (same variant)	4.287e-14	0.0399	0.00526	3.31e-14	0.117864054568003	0.00744637401301882	2e-56
HOXA9	7:27165113:C:A	7	27165113	27204732	C	A	0.069	0.139761942	0.017444574	1.15	1.12	1.19	8.8e-25	mLOY	0.6839	0.00173	0.00973	0.859	-0.142810793886588	0.014325073687751	2.1e-23
CCM2/SNHG15	7:45042265:C:CAAAAAAAAAA	7	45042265	45081864	C	CAAAAAAAAAA	0.417	0.048790164	0.009626778	1.05	1.03	1.07	2.6e-09	mLOY	NA	NA	NA	NA	0.047930926227664	0.0080137402679785	2.2e-09
IKZF1	7:50218107:T:A	7	50218107	50257703	T	A	0.925	0.131028262	0.013252799	1.14	1.11	1.17	3.9e-21	mLOY	0.01961	0.0211	0.00895	0.0185	0.129221854500314	0.0139111329296255	1.6e-20
IKZF1	7:50306538:C:T	7	50306538	50346134	C	T	0.309	0.067658648	0.004746119	1.07	1.05	1.08	2.5e-17	mLOY	0.1655	0.0109	0.00559	0.0508	-0.0640622308448121	0.00785939052116334	3.6e-16
AZGP1	7:99965219:G:A	7	99965219	99562842	G	A	0.489	0.048790164	0.004836094	1.05	1.03	1.06	2.5e-10	mLOY	0.1005	0.0048	0.00505	0.341	-0.0459247492190593	0.00728906666626469	3e-10
STMP1	7:135662359:C:G	7	135662359	135347107	C	G	0.125	0.148420005	0.013027195	1.16	1.14	1.19	9.7e-44	mLOY	0.2116	-0.011	0.00672	0.1	-0.150878263886791	0.0109645007570928	4.4e-43
KRBA1	7:149706135:C:T	7	149706135	149403226	C	T	0.114	0.139761942	0.00879684	1.15	1.12	1.17	6.5e-35	mLOY	0.9372	0.00251	0.00815	0.758	-0.137318284333253	0.0113730192486634	1.4e-33
ESYT2/NCAPG2	7:158753852:G:A	7	158753852	158546543	G	A	0.778	0.067658648	0.009448494	1.07	1.05	1.09	3e-15	mLOY	0.3675	-0.00316	0.00726	0.664	-0.0694918913994436	0.00872350263666666	1.6e-15
SLC25A37	8:23536948:T:C	8	23536948	23394461	T	C	0.151	0.067658648	0.009448494	1.07	1.05	1.09	7.1e-12	mLOY	0.2142	-0.00644	0.00758	0.395	-0.0702041800514129	0.010208341039362	6.1e-12
RBPMS	8:30427575:G:C	8	30427575	30285091	G	C	0.259	0.086177696	0.009276693	1.09	1.08	1.11	2.8e-30	mLOY	0.0283	0.016	0.00587	0.00634	0.0903552943022832	0.00830518709529814	1.4e-27
TP53INP1	8:94954676:CT:C	8	94954676	95966904	CT	C	0.53	0.058268908	0.009536803	1.06	1.05	1.08	3e-16	mLOY	0.4866	-0.00793	0.00508	0.118	-0.0603903705205769	0.00728592421632953	1.1e-16
CCDC26	8:129599841:T:G	8	129599841	130612087	T	G	0.428	0.058268908	0.004790684	1.06	1.04	1.07	4.1e-13	mLOY	0.7781	-0.00164	0.00511	0.748	0.0542551991471695	0.00739492409741377	2.2e-13
KANK1	9:668887:A:C	9	668887	668887	A	C	0.543	0.039220713	0.009718467	1.04	1.03	1.06	2e-09	mLOY	0.0589	-0.0101	0.00511	0.0475	-0.0422546757781206	0.00730755166588327	7.4e-09
HABP4	9:96492112:C:T	9	96492112	99254394	C	T	0.033	0.122217633	0.017748018	1.13	1.08	1.17	2.9e-08	mLOY	0.1324	0.0175	0.0145	0.226	-0.120246771018838	0.0204611076944739	4.2e-09
SMC2	9:104210591:T:G	9	104210591	106972872	T	G	0.545	0.048790164	0.004836094	1.05	1.03	1.06	2.5e-12	mLOY	0.8279	-0.00184	0.00544	0.736	-0.0482995787367239	0.00729251719952682	3.5e-11
UGCG	9:111896656:C:G	9	111896656	114658936	C	G	0.145	0.086177696	0.009276693	1.09	1.06	1.11	4.3e-16	mLOY	0.01201	-0.0197	0.00657	0.00273	-0.081780102979223	0.0103258440202707	2.4e-15
NR6A1	9:124778623:TAAA:T	9	124778623	127540902	TAAA	T	0.502	0.039220713	0.009718467	1.04	1.03	1.06	9.7e-09	mLOY	0.4642	-0.00647	0.00591	0.273	-0.041807030704024	0.00727680494985103	9.2e-09
TSC1	9:132994743:C:G	9	132994743	135870130	C	G	0.158	0.086177696	0.009276693	1.09	1.06	1.11	8.3e-17	mLOY	0.03943	-0.0133	0.00742	0.0725	-0.082522583797236	0.00999422312711338	1.5e-16
BEND7	10:13494086:A:G	10	13494086	13536086	A	G	0.398	0.039220713	0.009718467	1.04	1.03	1.06	7.6e-09	mLOY	0.001567	0.014	0.00513	0.00642	0.0428327633328591	0.00742474656346508	8e-09
SGMS1	10:50302463:T:C	10	50302463	52062223	T	C	0.543	0.048790164	0.004836094	1.05	1.03	1.06	3.7e-10	mLOY	0.01707	-0.00942	0.00513	0.0665	-0.0441317658727222	0.00729633743278133	1.5e-09
JMJD1C	10:63495754:C:CA	10	63495754	65255514	C	CA	0.56	0.058268908	0.004790684	1.06	1.04	1.07	8e-14	mLOY	0.005684	0.0183	0.00587	0.00179	0.0558018390652563	0.00747440959577367	8.3e-14
CTBP2	10:125161466:A:G	10	125161466	126850035	A	G	0.845	0.067658648	0.009448494	1.07	1.05	1.09	1.1e-10	mLOY	0.8015	-0.000168	0.00694	0.981	-0.0638872395150895	0.010115916041269	2.7e-10
CDKN1C	11:2836003:G:A	11	2836003	2857233	G	A	0.05	0.104360015	0.018062208	1.11	1.07	1.15	3.7e-10	mLOY	0.01822	-0.0278	0.0107	0.00942	-0.103963951021483	0.0167421106212114	5.3e-10
CDKN1C	11:2837570:G:C	11	2837570	2858800	G	C	0.299	0.048790164	0.004836094	1.05	1.03	1.06	6.8e-09	mLOY	0.01466	-0.0104	0.00589	0.0774	-0.0455074195443371	0.00810856831602183	2e-08
MADD/DDB2	11:47276650:C:T	11	47276650	47298201	C	T	0.292	0.048790164	0.009626778	1.05	1.03	1.07	1e-09	mLOY	0.5684	-0.00178	0.00552	0.747	-0.049093817553669	0.00797097830219418	7.3e-10
TRPT1	11:64195906:T:G	11	64195906	63963378	T	G	0.936	0.086177696	0.018387723	1.09	1.06	1.13	3.5e-09	mLOY	0.04525	0.0189	0.0108	0.0804	0.0906147004635973	0.0148386485938206	1e-09
USP35/GAB2	11:78213610:TTCTAAG:T	11	78213610	77924656	TTCTAAG	T	0.838	0.067658648	0.009448494	1.07	1.05	1.09	5.7e-11	mLOY	0.01669	-0.0137	0.00632	0.0306	0.0644910828359632	0.00983777841367479	5.5e-11
SESN3	11:95231179:A:G	11	95231179	94964343	A	G	0.696	0.048790164	0.004836094	1.05	1.03	1.06	1.5e-08	mLOY	0.2588	0.0043	0.00639	0.501	0.04488823367378	0.00798496528523891	1.9e-08
NPAT/ATM	11:108174268:A:G	11	108174268	108044995	A	G	0.59	0.09531018	0.004617263	1.1	1.08	1.11	4.3e-38	mLOX and mLOY (r2>0.6)	2.831e-08	0.029	0.00562	2.45e-07	0.094047364892768	0.00737040066458645	2.7e-37
KDELC2/ATM	11:108486410:G:A	11	108486410	108357137	G	A	0.974	0.182321557	0.024892941	1.2	1.15	1.26	1.2e-16	mLOY	9.23e-05	0.0794	0.0241	0.000998	0.183414327882111	0.0226120838667575	5e-16
USP28/HTR3A	11:113874886:C:G	11	113874886	113745608	C	G	0.924	0.086177696	0.013852545	1.09	1.06	1.12	8.5e-09	mLOY	0.2738	0.0168	0.012	0.162	0.0827382421261195	0.0138962216965999	2.6e-09
TSPAN9	12:3125211:AT:A	12	3125211	3234377	AT	A	0.175	0.113328685	0.009030396	1.12	1.09	1.14	6.1e-29	mLOY	0.9683	0.00295	0.00642	0.646	-0.109162549080883	0.00967948520027433	1.7e-29
PARP11	12:3933197:G:T	12	3933197	4042363	G	T	0.83	0.076961041	0.009361805	1.08	1.06	1.1	1.4e-15	mLOY	0.3776	-0.00151	0.00801	0.85	0.0754841121091339	0.00965600925075873	5.4e-15
PARP11	12:3962735:T:G	12	3962735	4071901	T	G	0.565	0.086177696	0.009276693	1.09	1.08	1.11	8.9e-35	mLOY	0.2349	-0.000421	0.00577	0.942	0.0887033515030359	0.00731660931569637	7.9e-34
CCND2	12:4303596:A:G	12	4303596	4412762	A	G	0.388	0.048790164	0.009626778	1.05	1.04	1.07	2.7e-12	mLOY	0.1456	0.00201	0.00621	0.747	-0.050827402434565	0.00745912866275564	9.5e-12
LTBR	12:6384185:A:G	12	6384185	6493351	A	G	0.246	0.086177696	0.00465943	1.09	1.07	1.1	3.7e-22	mLOY	0.0006444	-0.0219	0.00622	0.00043	0.0825410687968546	0.00860242588916494	8.4e-22
APOLD1/CDKN1B	12:12737221:A:AG	12	12737221	12890155	A	AG	0.408	0.067658648	0.004746119	1.07	1.05	1.08	1e-18	mLOY	0.9594	-0.000438	0.00601	0.942	-0.0659544786391009	0.00752062209482012	1.8e-18
ATF7IP/PLBD1	12:14398387:G:GT	12	14398387	14551321	G	GT	0.574	0.058268908	0.009536803	1.06	1.05	1.08	1.1e-16	mLOY	0.001389	0.0148	0.00605	0.0145	0.0595729638374432	0.00736091169811557	5.8e-16
ITPR2	12:26435050:ATTC:A	12	26435050	26587983	ATTC	A	0.93	0.113328685	0.013486356	1.12	1.09	1.15	3.4e-15	mLOY	0.192	0.0042	0.00955	0.66	0.113653787821544	0.0142245769064913	1.3e-15
HDAC7/VDR	12:47819937:C:G	12	47819937	48213720	C	G	0.961	0.113328685	0.017903735	1.12	1.08	1.16	3.8e-10	mLOY	0.1884	0.0178	0.0124	0.149	0.11503893045963	0.019083728756228	1.7e-09
ACVR1B	12:51910937:G:A	12	51910937	52304721	G	A	0.959	0.139761942	0.017444574	1.15	1.11	1.19	2.5e-13	mLOY	0.0127	0.0507	0.0175	0.00385	0.1398119107818	0.0185238181177811	4.4e-14
NFE2/HNRNPA1	12:54292096:C:T	12	54292096	54685880	C	T	0.93	0.131028262	0.013252799	1.14	1.11	1.17	2.8e-22	mLOY	0.2336	0.0119	0.0132	0.369	0.133239261084086	0.0142432467561061	8.4e-21
MDM2/NUP107	12:68815509:A:C	12	68815509	69209289	A	C	0.686	0.048790164	0.009626778	1.05	1.04	1.07	1.5e-11	mLOY	0.01822	0.0157	0.00656	0.017	0.0504904825081837	0.00789180088716125	1.6e-10
KITLG	12:88360793:T:A	12	88360793	88754570	T	A	0.834	0.058268908	0.009536803	1.06	1.04	1.08	5.2e-10	mLOY	0.5119	-0.00776	0.00826	0.348	-0.0590560616314423	0.00989341826252672	2.4e-09
TESC	12:117040962:TTCC:T	12	117040962	117478767	TTCC	T	0.328	0.048790164	0.009626778	1.05	1.03	1.07	1.1e-10	mLOY	0.1029	-0.00512	0.0054	0.343	-0.0492713967833382	0.00777232617295982	2.3e-10
KSR2	12:118027684:A:AAGA	12	118027684	118465489	A	AAGA	0.149	0.058268908	0.009536803	1.06	1.04	1.08	1.2e-08	mLOY	NA	NA	NA	NA	-0.0577342609253828	0.0103781565691913	2.7e-08
ANAPC5	12:121318281:G:A	12	121318281	121756084	G	A	0.011	0.223143551	0.035472481	1.25	1.17	1.34	3.1e-11	mLOY	0.3353	0.0421	0.0317	0.183	-0.22619169783278	0.0342448789767274	4e-11
CLIP1	12:122385700:G:GGCTGCAGGA	12	122385700	122870247	G	GGCTGCAGGA	0.002	0.598836501	0.105938451	1.82	1.48	2.24	1.4e-08	mLOY	0.9	NA	NA	NA	-0.600039107952178	0.106107594810585	1.6e-08
FLT3	13:28029870:T:C	13	28029870	28604007	T	C	0.987	0.246860078	0.034668705	1.28	1.2	1.37	1.6e-13	mLOY	0.06415	-0.0227	0.0268	0.397	0.250455108332131	0.0331050322835802	3.9e-14
FLT3	13:28044449:CA:C	13	28044449	28618586	CA	C	0.36	0.048790164	0.009626778	1.05	1.04	1.07	2.3e-11	mLOY	0.3608	0.00436	0.00662	0.51	0.0504736611585308	0.00759154287669008	3e-11
FLT3	13:28100660:G:A	13	28100660	28674797	G	A	0.983	0.223143551	0.03165071	1.25	1.18	1.33	1.6e-12	mLOY	0.1948	-0.013	0.0262	0.618	0.225347549516865	0.0315445902324449	9.1e-13
ELF1/RGS17P1	13:41005673:A:C	13	41005673	41579809	A	C	0.202	0.09531018	0.009193115	1.1	1.08	1.12	1.3e-26	mLOY	0.355	0.0045	0.00643	0.484	-0.0962661810136518	0.00906424279630252	2.4e-26
PHF11/RCBTB1	13:49684885:G:A	13	49684885	50259021	G	A	0.278	0.058268908	0.009536803	1.06	1.05	1.08	3e-13	mLOY	0.4355	-0.0061	0.00548	0.266	0.0600707032605062	0.00810209856615532	1.2e-13
KLHL1	13:70662479:T:A	13	70662479	71236611	T	A	0.426	0.048790164	0.009626778	1.05	1.04	1.07	1.5e-14	mLOY	0.001105	0.0131	0.0055	0.0168	0.0534703876800299	0.00736115816477716	3.8e-13
PSMA6/NFKBIA	14:35358992:G:A	14	35358992	35828198	G	A	0.76	0.076961041	0.009361805	1.08	1.06	1.1	2.5e-20	mLOY	0.9324	0.00046	0.00562	0.935	0.0759369945997892	0.008515608007623	4.8e-19
TCL1A	14:95714358:G:T	14	95714358	96180695	G	T	0.204	0.223143551	0.008098648	1.25	1.22	1.27	4.3e-136	mLOY	0.0001543	-0.0303	0.00669	5.83e-06	-0.219456380138422	0.00901075953073942	5.1e-131
DLK1/MEG3	14:100712378:C:G	14	100712378	101178715	C	G	0.136	0.165514438	0.00857506	1.18	1.15	1.2	9.7e-54	mLOY	0.7554	-0.00919	0.00658	0.163	-0.163936067617357	0.0106281969973654	1.1e-53
GOLGA8H	15:30613962:T:C	15	30613962	30906165	T	C	0.774	0.058268908	0.004790684	1.06	1.04	1.07	4.8e-10	mLOY	0.4984	0.00427	0.00726	0.556	0.0540704723843145	0.00883995813426372	9.6e-10
ATP8B4	15:50065546:G:T	15	50065546	50357743	G	T	0.239	0.067658648	0.004746119	1.07	1.05	1.08	2e-14	mLOY	0.09697	-0.0128	0.00587	0.0289	-0.0637455211846803	0.00853427785723777	8.1e-14
ZWILCH/MAP2K1	15:66546944:T:G	15	66546944	66839282	T	G	0.75	0.058268908	0.004790684	1.06	1.04	1.07	4e-11	mLOY	4.956e-06	0.0245	0.0065	0.000161	0.054975929282298	0.00839668784341012	5.9e-11
CSK	15:74758234:C:CAA	15	74758234	75050575	C	CAA	0.349	0.048790164	0.004836094	1.05	1.03	1.06	2.2e-09	mLOY	0.8056	-0.000428	0.00671	0.949	0.0469471545479631	0.00775538158997612	1.4e-09
HEATR3	16:50022787:G:A	16	50022787	50056698	G	A	0.318	0.048790164	0.009626778	1.05	1.03	1.07	8.3e-11	mLOX and mLOY (r2>0.6)	7.885e-13	0.0336	0.00558	1.77e-09	0.0486241137133608	0.00783394283835509	5.4e-10
CCDC102A	16:57536792:A:G	16	57536792	57570704	A	G	0.7	0.058268908	0.009536803	1.06	1.05	1.08	5.1e-16	mLOY	0.02744	0.00588	0.00529	0.266	0.0628594735362963	0.00792889411972921	2.2e-15
CENPN	16:81022836:T:G	16	81022836	81056441	T	G	0.873	0.131028262	0.008873338	1.14	1.11	1.16	2.5e-35	mLOY	0.0003457	0.0237	0.00761	0.00184	0.129702464490397	0.0108781141922086	9e-33
TP53	17:7668434:T:G	17	7668434	7571752	T	G	0.987	0.570979547	0.030761342	1.77	1.65	1.88	1.4e-70	mLOX and mLOY (same variant)	7.221e-12	0.155	0.0237	6.82e-11	0.568366909605699	0.0330023173023663	1.8e-66
FBXL20	17:39377506:G:GT	17	39377506	37533759	G	GT	0.836	0.058268908	0.009536803	1.06	1.04	1.08	8.6e-10	mLOY	0.04558	-0.0152	0.00825	0.0646	0.0582019930323984	0.00996575622770077	5.2e-09
ARL17B	17:46291410:C:T	17	46291410	44368776	C	T	0.815	0.067658648	0.014107924	1.07	1.05	1.1	6.9e-11	mLOY	0.8972	-0.0101	0.01	0.314	0.0705443040443948	0.0108061459270269	6.7e-11
FAM117A/SPOP	17:49726945:C:T	17	49726945	47804307	C	T	0.044	0.231111721	0.015945175	1.26	1.22	1.3	5.5e-39	mLOY	0.001099	-0.0382	0.0106	0.000326	-0.230156730250966	0.0178086334825382	3.3e-38
STXBP4	17:55007336:CT:C	17	55007336	53084697	CT	C	0.216	0.048790164	0.009626778	1.05	1.03	1.07	2.3e-08	mLOY	0.009359	-0.0104	0.00694	0.135	-0.0506397796884364	0.00891161831611843	1.3e-08
SYT4	18:43486613:A:C	18	43486613	41066578	A	C	0.113	0.067658648	0.009448494	1.07	1.04	1.09	1.4e-08	mLOY	0.4517	0.00989	0.00849	0.244	-0.0663975024632929	0.0114834363130518	7.4e-09
SETBP1	18:44295910:T:C	18	44295910	41875875	T	C	0.99	0.329303747	0.04224791	1.39	1.28	1.51	3.7e-15	mLOY	0.04008	0.0591	0.0364	0.105	0.331020746836413	0.0420713045819043	3.6e-15
SETBP1	18:44448174:TAA:T	18	44448174	42028139	TAA	T	0.098	0.21511138	0.016198315	1.24	1.21	1.28	1.7e-63	mLOY	0.38	NA	NA	NA	-0.217869751004494	0.0128022178025068	6e-65
SETBP1	18:44461166:T:G	18	44461166	42041131	T	G	0.986	0.371563556	0.034026211	1.45	1.36	1.55	1.2e-31	mLOY	0.8389	0.00537	0.0215	0.803	0.371850413993937	0.0323154763332052	1.2e-30
SETBP1	18:44500755:T:C	18	44500755	42080720	T	C	0.871	0.207014169	0.008229276	1.23	1.2	1.25	1.6e-81	mLOY	0.1093	0.00471	0.00701	0.502	0.203790959128328	0.0108277117599153	5.1e-79
SETBP1	18:44581678:G:T	18	44581678	42161643	G	T	0.233	0.173953307	0.008503598	1.19	1.17	1.21	2.1e-92	mLOY	0.002663	0.0102	0.00613	0.0952	0.174389334901665	0.00859139650605919	1.3e-91
SETBP1	18:44697023:A:G	18	44697023	42276988	A	G	0.867	0.076961041	0.009361805	1.08	1.06	1.1	8.4e-14	mLOY	0.6311	0.00201	0.00842	0.811	-0.0784121360487173	0.0107018289125127	2.4e-13
PMAIP1	18:59893578:G:A	18	59893578	57560810	G	A	0.883	0.067658648	0.009448494	1.07	1.04	1.09	3.5e-09	mLOY	0.3067	0.00539	0.0077	0.484	0.0646703873322634	0.0113583544822993	1.2e-08
BCL2	18:63253621:C:T	18	63253621	60920854	C	T	0.029	0.559615788	0.020010568	1.75	1.67	1.82	5.2e-149	mLOY	0.09725	-0.0243	0.016	0.128	-0.557625892493995	0.0215883845878804	4.1e-147
HMHA1	19:1079960:G:A	19	1079960	1079959	G	A	0.908	0.104360015	0.013606249	1.11	1.08	1.14	1.7e-17	mLOY	0.1684	0.00905	0.0102	0.374	0.103669423360894	0.012534123691372	1.3e-16
NFIX	19:13061083:C:A	19	13061083	13171897	C	A	0.986	0.173953307	0.033195711	1.19	1.12	1.27	3.4e-09	mLOY	0.4703	-0.0694	0.0546	0.203	0.175347474048562	0.0311031068248878	1.7e-08
TM6SF2	19:19308262:G:A	19	19308262	19419071	G	A	0.924	0.086177696	0.013852545	1.09	1.06	1.12	1.9e-11	mLOY	0.06799	0.0277	0.00948	0.00353	0.0893004169907161	0.0137248657501356	7.7e-11
CEBPA	19:33261752:G:GGT	19	33261752	33752658	G	GGT	0.337	0.067658648	0.009448494	1.07	1.05	1.09	2.8e-19	mLOY	0.002568	-0.0215	0.00563	0.000135	-0.06839080158883	0.00775501188998374	1.2e-18
BAX	19:48955847:A:G	19	48955847	49459104	A	G	0.284	0.067658648	0.009448494	1.07	1.05	1.09	2.3e-16	mLOY	0.02861	0.0125	0.00583	0.0313	0.066252703299614	0.00815009794849824	4.3e-16
LOC101926935	20:25829891:CAAAT:C	20	25829891	25810527	CAAAT	C	0.201	0.076961041	0.004702375	1.08	1.06	1.09	2e-14	mLOY	0.154	-0.000417	0.014	0.976	-0.0723810968398279	0.00932303279096267	8.3e-15
HM13/BCL2L1	20:31577985:C:A	20	31577985	30165788	C	A	0.073	0.198850859	0.016459624	1.22	1.18	1.26	1.1e-31	mLOY	0.01275	-0.0251	0.0137	0.0669	-0.195979198289515	0.0168390336358781	2.6e-31
HM13/BCL2L1	20:31588619:T:C	20	31588619	30176422	T	C	0.027	0.262364264	0.030468997	1.3	1.23	1.38	1.1e-19	mLOY	NA	NA	NA	NA	-0.264578264207381	0.0299252426491918	9.5e-19
HM13/BCL2L1	20:31725142:C:T	20	31725142	30312945	C	T	0.213	0.157003749	0.012917249	1.17	1.15	1.2	6.2e-76	mLOY	5.471e-05	-0.022	0.00757	0.0037	-0.161260672005894	0.00889442726647315	1.8e-73
CDK5RAP1	20:33394393:T:C	20	33394393	31982199	T	C	0.91	0.113328685	0.009030396	1.12	1.09	1.14	2.9e-18	mLOY	0.02497	-0.0176	0.0125	0.157	-0.108860627420446	0.012791496502728	1.7e-17
SNTA1	20:33419196:C:T	20	33419196	32007002	C	T	0.968	0.21511138	0.028018244	1.24	1.17	1.31	4.4e-14	mLOY	NA	NA	NA	NA	0.213793192421943	0.0288444247214933	1.2e-13
EIF2S2	20:34141566:GA:G	20	34141566	32729372	GA	G	0.123	0.076961041	0.013979068	1.08	1.05	1.11	1.2e-09	mLOY	0.4397	0.0112	0.0104	0.284	-0.0779487787249449	0.0127937147026822	1.1e-09
CEBPB	20:50279908:T:A	20	50279908	48896445	T	A	0.215	0.048790164	0.009626778	1.05	1.03	1.07	1.5e-08	mLOY	0.2734	-0.00418	0.00611	0.494	-0.0491130419532723	0.00888167261673632	3.2e-08
CHEK2	22:28707610:T:C	22	28707610	29103598	T	C	0.997	0.703097511	0.083674988	2.02	1.72	2.38	1.5e-16	mLOY	4.941e-05	0.139	0.0389	0.00035	0.703261810488956	0.082901526289417	2.2e-17
SYNGR1	22:39319257:G:A	22	39319257	39715262	G	A	0.664	0.048790164	0.009626778	1.05	1.03	1.07	1.5e-10	mLOY	0.6415	0.00309	0.00625	0.62	0.048176283789268	0.00770066599110511	3.9e-10
ZBED4	22:49896277:C:T	22	49896277	50289925	C	T	0.929	0.086177696	0.013852545	1.09	1.06	1.12	6.5e-09	mLOY	0.1148	0.0154	0.0107	0.152	0.082731464292926	0.0141885927739005	5.5e-09
MAGEH1	23:55423132:T:G	23	55423132	55449565	T	G	0.259	0.039220713	0.004882373	1.04	1.02	1.05	3.9e-10	mLOY	1.576e-22	-0.0445	0.00574	8.29e-15	-0.039220713	0.004882373	3.9e-10
SLC25A5	23:119467510:T:C	23	119467510	118601473	T	C	0.749	0.039220713	0.004882373	1.04	1.03	1.05	1.2e-11	mLOY	NA	NA	NA	NA	-0.039220713	0.004882373	1.2e-11
LAMP2	23:120485184:C:T	23	120485184	119619039	C	T	0.623	0.029558802	0.004929546	1.03	1.02	1.04	8.8e-09	mLOY	NA	NA	NA	NA	-0.029558802	0.004929546	8.8e-09
